Added PB GGPW for |736_736| <= 134,Added PB GGPW for |736_736| <= 59,Added PB GGPW for |736_736| <= 89,Added PB GGPW for |780_780| <= 59,Added PB GGPW for |780_780| <= 89,Added PB GGPW for |785_785| <= 59,Added PB GGPW for |785_785| <= 89,Added PB GGPW for |786_786| <= 59,Added PB GGPW for |786_786| <= 89,Added PB GGPW for |788_788| <= 59,Added PB GGPW for |788_788| <= 89,Added PB GGPW for |792_792| <= 59,Added PB GGPW for |792_792| <= 89,Added PB GGPW for |799_799| <= 59,Added PB GGPW for |799_799| <= 89,Added PB GGPW for |804_804| <= 59,Added PB GGPW for |804_804| <= 89,Added PB GGPW for |807_807| <= 59,Added PB GGPW for |807_807| <= 89,Added PB GGPW for |810_810| <= 59,Added PB GGPW for |810_810| <= 89,Added PB GGPW for |811_811| <= 59,Added PB GGPW for |811_811| <= 89,Added PB GGPW for |816_816| <= 59,Added PB GGPW for |816_816| <= 89,Added PB GGPW for |830_830| <= 59,Added PB GGPW for |830_830| <= 89,Added PB GGPW for |832_832| <= 59,Added PB GGPW for |832_832| <= 89,Added PB GGPW for |834_834| <= 59,Added PB GGPW for |834_834| <= 89,Added PB GGPW for |840_840| <= 59,Added PB GGPW for |840_840| <= 89,Added PB GGPW for |845_845| <= 59,Added PB GGPW for |845_845| <= 89,Added PB GGPW for |847_847| <= 59,Added PB GGPW for |847_847| <= 89,Added PB GGPW for |872_872| <= 59,Added PB GGPW for |872_872| <= 89,Added PB GGPW for |931_931| <= 59,Added PB GGPW for |931_931| <= 89,Added PB GGPW for |941_941| <= 59,Added PB GGPW for |941_941| <= 89,Added PB GGPW for |999_999| <= 59,Added PB GGPW for |999_999| <= 89,Added PB MDD for |736_736| <= 1,Added PB MDD for |736_736| <= 11,Added PB MDD for |736_736| <= 17,Added PB MDD for |736_736| <= 26,Added PB MDD for |736_736| <= 3,Added PB MDD for |736_736| <= 39,Added PB MDD for |736_736| <= 7,Added PB MDD for |780_780| <= 1,Added PB MDD for |780_780| <= 11,Added PB MDD for |780_780| <= 17,Added PB MDD for |780_780| <= 26,Added PB MDD for |780_780| <= 3,Added PB MDD for |780_780| <= 39,Added PB MDD for |780_780| <= 7,Added PB MDD for |785_785| <= 1,Added PB MDD for |785_785| <= 11,Added PB MDD for |785_785| <= 17,Added PB MDD for |785_785| <= 26,Added PB MDD for |785_785| <= 3,Added PB MDD for |785_785| <= 39,Added PB MDD for |785_785| <= 7,Added PB MDD for |786_786| <= 1,Added PB MDD for |786_786| <= 11,Added PB MDD for |786_786| <= 17,Added PB MDD for |786_786| <= 26,Added PB MDD for |786_786| <= 3,Added PB MDD for |786_786| <= 39,Added PB MDD for |786_786| <= 7,Added PB MDD for |788_788| <= 1,Added PB MDD for |788_788| <= 11,Added PB MDD for |788_788| <= 17,Added PB MDD for |788_788| <= 26,Added PB MDD for |788_788| <= 3,Added PB MDD for |788_788| <= 39,Added PB MDD for |788_788| <= 7,Added PB MDD for |792_792| <= 1,Added PB MDD for |792_792| <= 11,Added PB MDD for |792_792| <= 17,Added PB MDD for |792_792| <= 26,Added PB MDD for |792_792| <= 3,Added PB MDD for |792_792| <= 39,Added PB MDD for |792_792| <= 7,Added PB MDD for |799_799| <= 1,Added PB MDD for |799_799| <= 11,Added PB MDD for |799_799| <= 17,Added PB MDD for |799_799| <= 26,Added PB MDD for |799_799| <= 3,Added PB MDD for |799_799| <= 39,Added PB MDD for |799_799| <= 7,Added PB MDD for |804_804| <= 1,Added PB MDD for |804_804| <= 11,Added PB MDD for |804_804| <= 17,Added PB MDD for |804_804| <= 26,Added PB MDD for |804_804| <= 3,Added PB MDD for |804_804| <= 39,Added PB MDD for |804_804| <= 7,Added PB MDD for |807_807| <= 1,Added PB MDD for |807_807| <= 11,Added PB MDD for |807_807| <= 17,Added PB MDD for |807_807| <= 26,Added PB MDD for |807_807| <= 3,Added PB MDD for |807_807| <= 39,Added PB MDD for |807_807| <= 7,Added PB MDD for |810_810| <= 1,Added PB MDD for |810_810| <= 11,Added PB MDD for |810_810| <= 17,Added PB MDD for |810_810| <= 26,Added PB MDD for |810_810| <= 3,Added PB MDD for |810_810| <= 39,Added PB MDD for |810_810| <= 7,Added PB MDD for |811_811| <= 1,Added PB MDD for |811_811| <= 11,Added PB MDD for |811_811| <= 17,Added PB MDD for |811_811| <= 26,Added PB MDD for |811_811| <= 3,Added PB MDD for |811_811| <= 39,Added PB MDD for |811_811| <= 7,Added PB MDD for |816_816| <= 1,Added PB MDD for |816_816| <= 11,Added PB MDD for |816_816| <= 17,Added PB MDD for |816_816| <= 26,Added PB MDD for |816_816| <= 3,Added PB MDD for |816_816| <= 39,Added PB MDD for |816_816| <= 7,Added PB MDD for |830_830| <= 1,Added PB MDD for |830_830| <= 11,Added PB MDD for |830_830| <= 17,Added PB MDD for |830_830| <= 26,Added PB MDD for |830_830| <= 3,Added PB MDD for |830_830| <= 39,Added PB MDD for |830_830| <= 7,Added PB MDD for |832_832| <= 1,Added PB MDD for |832_832| <= 11,Added PB MDD for |832_832| <= 17,Added PB MDD for |832_832| <= 26,Added PB MDD for |832_832| <= 3,Added PB MDD for |832_832| <= 39,Added PB MDD for |832_832| <= 7,Added PB MDD for |834_834| <= 1,Added PB MDD for |834_834| <= 11,Added PB MDD for |834_834| <= 17,Added PB MDD for |834_834| <= 26,Added PB MDD for |834_834| <= 3,Added PB MDD for |834_834| <= 39,Added PB MDD for |834_834| <= 7,Added PB MDD for |840_840| <= 1,Added PB MDD for |840_840| <= 11,Added PB MDD for |840_840| <= 17,Added PB MDD for |840_840| <= 26,Added PB MDD for |840_840| <= 3,Added PB MDD for |840_840| <= 39,Added PB MDD for |840_840| <= 7,Added PB MDD for |845_845| <= 1,Added PB MDD for |845_845| <= 11,Added PB MDD for |845_845| <= 17,Added PB MDD for |845_845| <= 26,Added PB MDD for |845_845| <= 3,Added PB MDD for |845_845| <= 39,Added PB MDD for |845_845| <= 7,Added PB MDD for |847_847| <= 1,Added PB MDD for |847_847| <= 11,Added PB MDD for |847_847| <= 17,Added PB MDD for |847_847| <= 26,Added PB MDD for |847_847| <= 3,Added PB MDD for |847_847| <= 39,Added PB MDD for |847_847| <= 7,Added PB MDD for |872_872| <= 1,Added PB MDD for |872_872| <= 11,Added PB MDD for |872_872| <= 17,Added PB MDD for |872_872| <= 26,Added PB MDD for |872_872| <= 3,Added PB MDD for |872_872| <= 39,Added PB MDD for |872_872| <= 7,Added PB MDD for |931_931| <= 1,Added PB MDD for |931_931| <= 11,Added PB MDD for |931_931| <= 17,Added PB MDD for |931_931| <= 26,Added PB MDD for |931_931| <= 3,Added PB MDD for |931_931| <= 39,Added PB MDD for |931_931| <= 7,Added PB MDD for |941_941| <= 1,Added PB MDD for |941_941| <= 11,Added PB MDD for |941_941| <= 17,Added PB MDD for |941_941| <= 26,Added PB MDD for |941_941| <= 3,Added PB MDD for |941_941| <= 39,Added PB MDD for |941_941| <= 7,Added PB MDD for |999_999| <= 1,Added PB MDD for |999_999| <= 11,Added PB MDD for |999_999| <= 17,Added PB MDD for |999_999| <= 26,Added PB MDD for |999_999| <= 3,Added PB MDD for |999_999| <= 39,Added PB MDD for |999_999| <= 7,CPU time,Date,Instance,Log,Mono,No. effective iterative eliminations,Obj updates,Obj val,Real time,Result,Sys time,UB=1 fails_ cnfls=1_ hcnfls=1_ lacnfls=0_ lascnfls=0_ core 0_ tier2 0_ local 0_ quasiC,UB=12 fails_ cnfls=5_ hcnfls=1_ lacnfls=0_ lascnfls=4_ core 0_ tier2 0_ local 0_ quasiC,UB=135 fails_ cnfls=11_ hcnfls=1_ lacnfls=0_ lascnfls=10_ core 0_ tier2 0_ local 0_ quasiC,UB=135 fails_ cnfls=1124_ hcnfls=218_ lacnfls=22_ lascnfls=906_ core 125_ tier2 4_ local 1125_ quasiC,UB=135 fails_ cnfls=12_ hcnfls=1_ lacnfls=0_ lascnfls=11_ core 0_ tier2 0_ local 0_ quasiC,UB=135 fails_ cnfls=13_ hcnfls=1_ lacnfls=0_ lascnfls=12_ core 1_ tier2 0_ local 0_ quasiC,UB=135 fails_ cnfls=238_ hcnfls=11_ lacnfls=0_ lascnfls=227_ core 27_ tier2 2_ local 246_ quasiC,UB=135 fails_ cnfls=312_ hcnfls=9_ lacnfls=0_ lascnfls=303_ core 7_ tier2 2_ local 305_ quasiC,UB=135 fails_ cnfls=383_ hcnfls=56_ lacnfls=0_ lascnfls=327_ core 77_ tier2 7_ local 396_ quasiC,UB=135 fails_ cnfls=546_ hcnfls=42_ lacnfls=0_ lascnfls=504_ core 47_ tier2 13_ local 566_ quasiC,UB=135 fails_ cnfls=673_ hcnfls=2_ lacnfls=0_ lascnfls=671_ core 9_ tier2 2_ local 654_ quasiC,UB=18 fails_ cnfls=6_ hcnfls=1_ lacnfls=0_ lascnfls=5_ core 0_ tier2 0_ local 0_ quasiC,UB=2 fails_ cnfls=2_ hcnfls=1_ lacnfls=0_ lascnfls=1_ core 0_ tier2 0_ local 0_ quasiC,UB=202 fails_ cnfls=12_ hcnfls=1_ lacnfls=0_ lascnfls=11_ core 0_ tier2 0_ local 0_ quasiC,UB=202 fails_ cnfls=14_ hcnfls=1_ lacnfls=0_ lascnfls=13_ core 1_ tier2 0_ local 0_ quasiC,UB=202 fails_ cnfls=1809_ hcnfls=67_ lacnfls=0_ lascnfls=1742_ core 58_ tier2 6_ local 1895_ quasiC,UB=202 fails_ cnfls=3017_ hcnfls=30_ lacnfls=1_ lascnfls=2987_ core 32_ tier2 1_ local 3060_ quasiC,UB=202 fails_ cnfls=34400_ hcnfls=30566_ lacnfls=521_ lascnfls=3834_ core 12962_ tier2 1999_ local 6887_ quasiC,UB=202 fails_ cnfls=4118_ hcnfls=1978_ lacnfls=43_ lascnfls=2140_ core 1357_ tier2 24_ local 2638_ quasiC,UB=202 fails_ cnfls=4646_ hcnfls=181_ lacnfls=1_ lascnfls=4465_ core 661_ tier2 298_ local 4889_ quasiC,UB=202 fails_ cnfls=5365_ hcnfls=3073_ lacnfls=95_ lascnfls=2292_ core 1796_ tier2 92_ local 2949_ quasiC,UB=202 fails_ cnfls=555_ hcnfls=3_ lacnfls=0_ lascnfls=552_ core 6_ tier2 2_ local 539_ quasiC,UB=202 fails_ cnfls=645_ hcnfls=2_ lacnfls=0_ lascnfls=643_ core 8_ tier2 2_ local 634_ quasiC,UB=202 fails_ cnfls=647_ hcnfls=152_ lacnfls=0_ lascnfls=495_ core 98_ tier2 15_ local 718_ quasiC,UB=202 fails_ cnfls=857_ hcnfls=15_ lacnfls=0_ lascnfls=842_ core 29_ tier2 7_ local 915_ quasiC,UB=202 fails_ cnfls=86_ hcnfls=2_ lacnfls=0_ lascnfls=84_ core 5_ tier2 3_ local 66_ quasiC,UB=202 fails_ cnfls=87_ hcnfls=68_ lacnfls=0_ lascnfls=19_ core 37_ tier2 14_ local 78_ quasiC,UB=27 fails_ cnfls=7_ hcnfls=1_ lacnfls=0_ lascnfls=6_ core 0_ tier2 0_ local 0_ quasiC,UB=303 fails_ cnfls=315_ hcnfls=21_ lacnfls=1_ lascnfls=294_ core 4_ tier2 2_ local 344_ quasiC,UB=4 fails_ cnfls=3_ hcnfls=1_ lacnfls=0_ lascnfls=2_ core 0_ tier2 0_ local 0_ quasiC,UB=40 fails_ cnfls=8_ hcnfls=1_ lacnfls=0_ lascnfls=7_ core 0_ tier2 0_ local 0_ quasiC,UB=60 fails_ cnfls=9_ hcnfls=1_ lacnfls=0_ lascnfls=8_ core 0_ tier2 0_ local 0_ quasiC,UB=8 fails_ cnfls=4_ hcnfls=1_ lacnfls=0_ lascnfls=3_ core 0_ tier2 0_ local 0_ quasiC,UB=90 fails_ cnfls=10_ hcnfls=1_ lacnfls=0_ lascnfls=9_ core 0_ tier2 0_ local 0_ quasiC,UB=90 fails_ cnfls=11_ hcnfls=1_ lacnfls=0_ lascnfls=10_ core 0_ tier2 0_ local 0_ quasiC,UB=90 fails_ cnfls=1327_ hcnfls=16_ lacnfls=0_ lascnfls=1311_ core 83_ tier2 4_ local 1352_ quasiC,Uptime,Used memory,fixedCost 0_ satCost 0_ totalFixedVars 2332_ objForSearch,fixedCost 0_ satCost 0_ totalFixedVars 4066_ objForSearch,fixedCost 1_ satCost 0_ totalFixedVars 1_ objForSearch,fixedCost 1_ satCost 0_ totalFixedVars 1219_ objForSearch,fixedCost 1_ satCost 0_ totalFixedVars 1281_ objForSearch,fixedCost 1_ satCost 0_ totalFixedVars 1936_ objForSearch,fixedCost 1_ satCost 0_ totalFixedVars 1950_ objForSearch,fixedCost 1_ satCost 0_ totalFixedVars 2414_ objForSearch,fixedCost 1_ satCost 0_ totalFixedVars 2641_ objForSearch,fixedCost 1_ satCost 0_ totalFixedVars 2655_ objForSearch,fixedCost 1_ satCost 0_ totalFixedVars 3013_ objForSearch,fixedCost 1_ satCost 0_ totalFixedVars 3069_ objForSearch,fixedCost 1_ satCost 0_ totalFixedVars 3141_ objForSearch,fixedCost 1_ satCost 0_ totalFixedVars 3464_ objForSearch,fixedCost 1_ satCost 0_ totalFixedVars 3631_ objForSearch,fixedCost 1_ satCost 0_ totalFixedVars 3873_ objForSearch,fixedCost 1_ satCost 0_ totalFixedVars 3910_ objForSearch,fixedCost 1_ satCost 0_ totalFixedVars 4173_ objForSearch,fixedCost 1_ satCost 0_ totalFixedVars 4470_ objForSearch,fixedCost 1_ satCost 0_ totalFixedVars 4678_ objForSearch,fixedCost 1_ satCost 0_ totalFixedVars 4804_ objForSearch,fixedCost 1_ satCost 0_ totalFixedVars 4996_ objForSearch,fixedCost 1_ satCost 0_ totalFixedVars 6554_ objForSearch,fixedCost 1_ satCost 0_ totalFixedVars 7519_ objForSearch,initial LB,initial UB,nb soft clauses and lits,provided UB,prunedLB 0.00_ dev 0.00_ succRate 0.00_ nbSucc 0_ nbHardens 1 (fixed 736)_ lk,prunedLB 0.00_ dev 0.00_ succRate 0.00_ nbSucc 0_ nbHardens 1 (fixed 780)_ lk,prunedLB 0.00_ dev 0.00_ succRate 0.00_ nbSucc 0_ nbHardens 1 (fixed 785)_ lk,prunedLB 0.00_ dev 0.00_ succRate 0.00_ nbSucc 0_ nbHardens 1 (fixed 786)_ lk,prunedLB 0.00_ dev 0.00_ succRate 0.00_ nbSucc 0_ nbHardens 1 (fixed 788)_ lk,prunedLB 0.00_ dev 0.00_ succRate 0.00_ nbSucc 0_ nbHardens 1 (fixed 792)_ lk,prunedLB 0.00_ dev 0.00_ succRate 0.00_ nbSucc 0_ nbHardens 1 (fixed 799)_ lk,prunedLB 0.00_ dev 0.00_ succRate 0.00_ nbSucc 0_ nbHardens 1 (fixed 804)_ lk,prunedLB 0.00_ dev 0.00_ succRate 0.00_ nbSucc 0_ nbHardens 1 (fixed 807)_ lk,prunedLB 0.00_ dev 0.00_ succRate 0.00_ nbSucc 0_ nbHardens 1 (fixed 810)_ lk,prunedLB 0.00_ dev 0.00_ succRate 0.00_ nbSucc 0_ nbHardens 1 (fixed 811)_ lk,prunedLB 0.00_ dev 0.00_ succRate 0.00_ nbSucc 0_ nbHardens 1 (fixed 816)_ lk,prunedLB 0.00_ dev 0.00_ succRate 0.00_ nbSucc 0_ nbHardens 1 (fixed 830)_ lk,prunedLB 0.00_ dev 0.00_ succRate 0.00_ nbSucc 0_ nbHardens 1 (fixed 832)_ lk,prunedLB 0.00_ dev 0.00_ succRate 0.00_ nbSucc 0_ nbHardens 1 (fixed 834)_ lk,prunedLB 0.00_ dev 0.00_ succRate 0.00_ nbSucc 0_ nbHardens 1 (fixed 840)_ lk,prunedLB 0.00_ dev 0.00_ succRate 0.00_ nbSucc 0_ nbHardens 1 (fixed 845)_ lk,prunedLB 0.00_ dev 0.00_ succRate 0.00_ nbSucc 0_ nbHardens 1 (fixed 847)_ lk,prunedLB 0.00_ dev 0.00_ succRate 0.00_ nbSucc 0_ nbHardens 1 (fixed 872)_ lk,prunedLB 0.00_ dev 0.00_ succRate 0.00_ nbSucc 0_ nbHardens 1 (fixed 931)_ lk,prunedLB 0.00_ dev 0.00_ succRate 0.00_ nbSucc 0_ nbHardens 1 (fixed 941)_ lk,prunedLB 0.00_ dev 0.00_ succRate 0.00_ nbSucc 0_ nbHardens 1 (fixed 999)_ lk,prunedLB 103.45_ dev 17.88_ succRate 0.90_ nbSucc 493_ nbHardens 4 (fixed 1344)_ lk,prunedLB 12.00_ dev 0.00_ succRate 1.00_ nbSucc 1_ nbHardens 1 (fixed 736)_ lk,prunedLB 12.00_ dev 0.00_ succRate 1.00_ nbSucc 1_ nbHardens 1 (fixed 780)_ lk,prunedLB 12.00_ dev 0.00_ succRate 1.00_ nbSucc 1_ nbHardens 1 (fixed 785)_ lk,prunedLB 12.00_ dev 0.00_ succRate 1.00_ nbSucc 1_ nbHardens 1 (fixed 786)_ lk,prunedLB 12.00_ dev 0.00_ succRate 1.00_ nbSucc 1_ nbHardens 1 (fixed 788)_ lk,prunedLB 12.00_ dev 0.00_ succRate 1.00_ nbSucc 1_ nbHardens 1 (fixed 792)_ lk,prunedLB 12.00_ dev 0.00_ succRate 1.00_ nbSucc 1_ nbHardens 1 (fixed 799)_ lk,prunedLB 12.00_ dev 0.00_ succRate 1.00_ nbSucc 1_ nbHardens 1 (fixed 804)_ lk,prunedLB 12.00_ dev 0.00_ succRate 1.00_ nbSucc 1_ nbHardens 1 (fixed 807)_ lk,prunedLB 12.00_ dev 0.00_ succRate 1.00_ nbSucc 1_ nbHardens 1 (fixed 810)_ lk,prunedLB 12.00_ dev 0.00_ succRate 1.00_ nbSucc 1_ nbHardens 1 (fixed 811)_ lk,prunedLB 12.00_ dev 0.00_ succRate 1.00_ nbSucc 1_ nbHardens 1 (fixed 816)_ lk,prunedLB 12.00_ dev 0.00_ succRate 1.00_ nbSucc 1_ nbHardens 1 (fixed 830)_ lk,prunedLB 12.00_ dev 0.00_ succRate 1.00_ nbSucc 1_ nbHardens 1 (fixed 832)_ lk,prunedLB 12.00_ dev 0.00_ succRate 1.00_ nbSucc 1_ nbHardens 1 (fixed 834)_ lk,prunedLB 12.00_ dev 0.00_ succRate 1.00_ nbSucc 1_ nbHardens 1 (fixed 840)_ lk,prunedLB 12.00_ dev 0.00_ succRate 1.00_ nbSucc 1_ nbHardens 1 (fixed 845)_ lk,prunedLB 12.00_ dev 0.00_ succRate 1.00_ nbSucc 1_ nbHardens 1 (fixed 847)_ lk,prunedLB 12.00_ dev 0.00_ succRate 1.00_ nbSucc 1_ nbHardens 1 (fixed 872)_ lk,prunedLB 12.00_ dev 0.00_ succRate 1.00_ nbSucc 1_ nbHardens 1 (fixed 931)_ lk,prunedLB 12.00_ dev 0.00_ succRate 1.00_ nbSucc 1_ nbHardens 1 (fixed 941)_ lk,prunedLB 12.00_ dev 0.00_ succRate 1.00_ nbSucc 1_ nbHardens 1 (fixed 999)_ lk,prunedLB 122.61_ dev 5.45_ succRate 0.90_ nbSucc 217_ nbHardens 1 (fixed 799)_ lk,prunedLB 130.07_ dev 0.98_ succRate 0.98_ nbSucc 294_ nbHardens 1 (fixed 807)_ lk,prunedLB 130.48_ dev 0.96_ succRate 0.99_ nbSucc 662_ nbHardens 1 (fixed 786)_ lk,prunedLB 133.67_ dev 0.94_ succRate 0.60_ nbSucc 3_ nbHardens 1 (fixed 810)_ lk,prunedLB 134.00_ dev 1.00_ succRate 0.67_ nbSucc 2_ nbHardens 1 (fixed 788)_ lk,prunedLB 134.00_ dev 1.00_ succRate 0.67_ nbSucc 2_ nbHardens 1 (fixed 811)_ lk,prunedLB 134.00_ dev 1.00_ succRate 0.67_ nbSucc 2_ nbHardens 1 (fixed 832)_ lk,prunedLB 134.00_ dev 1.00_ succRate 0.67_ nbSucc 2_ nbHardens 1 (fixed 845)_ lk,prunedLB 135.00_ dev 0.00_ succRate 0.67_ nbSucc 2_ nbHardens 1 (fixed 780)_ lk,prunedLB 135.00_ dev 0.00_ succRate 1.00_ nbSucc 1_ nbHardens 1 (fixed 780)_ lk,prunedLB 135.00_ dev 0.00_ succRate 1.00_ nbSucc 1_ nbHardens 1 (fixed 785)_ lk,prunedLB 135.00_ dev 0.00_ succRate 1.00_ nbSucc 1_ nbHardens 1 (fixed 792)_ lk,prunedLB 135.00_ dev 0.00_ succRate 1.00_ nbSucc 1_ nbHardens 1 (fixed 804)_ lk,prunedLB 135.00_ dev 0.00_ succRate 1.00_ nbSucc 1_ nbHardens 1 (fixed 830)_ lk,prunedLB 135.00_ dev 0.00_ succRate 1.00_ nbSucc 1_ nbHardens 1 (fixed 834)_ lk,prunedLB 135.00_ dev 0.00_ succRate 1.00_ nbSucc 1_ nbHardens 1 (fixed 840)_ lk,prunedLB 135.00_ dev 0.00_ succRate 1.00_ nbSucc 1_ nbHardens 1 (fixed 847)_ lk,prunedLB 135.00_ dev 0.00_ succRate 1.00_ nbSucc 1_ nbHardens 1 (fixed 872)_ lk,prunedLB 135.00_ dev 0.00_ succRate 1.00_ nbSucc 1_ nbHardens 1 (fixed 999)_ lk,prunedLB 143.90_ dev 48.42_ succRate 0.54_ nbSucc 3816_ nbHardens 13 (fixed 2251)_ lk,prunedLB 146.57_ dev 28.61_ succRate 0.75_ nbSucc 485_ nbHardens 3 (fixed 1222)_ lk,prunedLB 146.61_ dev 63.47_ succRate 0.80_ nbSucc 2275_ nbHardens 9 (fixed 2058)_ lk,prunedLB 150.69_ dev 56.49_ succRate 0.78_ nbSucc 2107_ nbHardens 9 (fixed 1892)_ lk,prunedLB 18.00_ dev 0.00_ succRate 1.00_ nbSucc 1_ nbHardens 1 (fixed 736)_ lk,prunedLB 18.00_ dev 0.00_ succRate 1.00_ nbSucc 1_ nbHardens 1 (fixed 780)_ lk,prunedLB 18.00_ dev 0.00_ succRate 1.00_ nbSucc 1_ nbHardens 1 (fixed 785)_ lk,prunedLB 18.00_ dev 0.00_ succRate 1.00_ nbSucc 1_ nbHardens 1 (fixed 786)_ lk,prunedLB 18.00_ dev 0.00_ succRate 1.00_ nbSucc 1_ nbHardens 1 (fixed 788)_ lk,prunedLB 18.00_ dev 0.00_ succRate 1.00_ nbSucc 1_ nbHardens 1 (fixed 792)_ lk,prunedLB 18.00_ dev 0.00_ succRate 1.00_ nbSucc 1_ nbHardens 1 (fixed 799)_ lk,prunedLB 18.00_ dev 0.00_ succRate 1.00_ nbSucc 1_ nbHardens 1 (fixed 804)_ lk,prunedLB 18.00_ dev 0.00_ succRate 1.00_ nbSucc 1_ nbHardens 1 (fixed 807)_ lk,prunedLB 18.00_ dev 0.00_ succRate 1.00_ nbSucc 1_ nbHardens 1 (fixed 810)_ lk,prunedLB 18.00_ dev 0.00_ succRate 1.00_ nbSucc 1_ nbHardens 1 (fixed 811)_ lk,prunedLB 18.00_ dev 0.00_ succRate 1.00_ nbSucc 1_ nbHardens 1 (fixed 816)_ lk,prunedLB 18.00_ dev 0.00_ succRate 1.00_ nbSucc 1_ nbHardens 1 (fixed 830)_ lk,prunedLB 18.00_ dev 0.00_ succRate 1.00_ nbSucc 1_ nbHardens 1 (fixed 832)_ lk,prunedLB 18.00_ dev 0.00_ succRate 1.00_ nbSucc 1_ nbHardens 1 (fixed 834)_ lk,prunedLB 18.00_ dev 0.00_ succRate 1.00_ nbSucc 1_ nbHardens 1 (fixed 840)_ lk,prunedLB 18.00_ dev 0.00_ succRate 1.00_ nbSucc 1_ nbHardens 1 (fixed 845)_ lk,prunedLB 18.00_ dev 0.00_ succRate 1.00_ nbSucc 1_ nbHardens 1 (fixed 847)_ lk,prunedLB 18.00_ dev 0.00_ succRate 1.00_ nbSucc 1_ nbHardens 1 (fixed 872)_ lk,prunedLB 18.00_ dev 0.00_ succRate 1.00_ nbSucc 1_ nbHardens 1 (fixed 931)_ lk,prunedLB 18.00_ dev 0.00_ succRate 1.00_ nbSucc 1_ nbHardens 1 (fixed 941)_ lk,prunedLB 18.00_ dev 0.00_ succRate 1.00_ nbSucc 1_ nbHardens 1 (fixed 999)_ lk,prunedLB 196.58_ dev 6.35_ succRate 0.98_ nbSucc 1732_ nbHardens 3 (fixed 1183)_ lk,prunedLB 197.05_ dev 1.94_ succRate 0.95_ nbSucc 832_ nbHardens 1 (fixed 804)_ lk,prunedLB 197.46_ dev 1.93_ succRate 0.99_ nbSucc 2977_ nbHardens 2 (fixed 967)_ lk,prunedLB 197.56_ dev 0.84_ succRate 0.99_ nbSucc 542_ nbHardens 1 (fixed 872)_ lk,prunedLB 2.00_ dev 0.00_ succRate 1.00_ nbSucc 1_ nbHardens 1 (fixed 736)_ lk,prunedLB 2.00_ dev 0.00_ succRate 1.00_ nbSucc 1_ nbHardens 1 (fixed 780)_ lk,prunedLB 2.00_ dev 0.00_ succRate 1.00_ nbSucc 1_ nbHardens 1 (fixed 785)_ lk,prunedLB 2.00_ dev 0.00_ succRate 1.00_ nbSucc 1_ nbHardens 1 (fixed 786)_ lk,prunedLB 2.00_ dev 0.00_ succRate 1.00_ nbSucc 1_ nbHardens 1 (fixed 788)_ lk,prunedLB 2.00_ dev 0.00_ succRate 1.00_ nbSucc 1_ nbHardens 1 (fixed 792)_ lk,prunedLB 2.00_ dev 0.00_ succRate 1.00_ nbSucc 1_ nbHardens 1 (fixed 799)_ lk,prunedLB 2.00_ dev 0.00_ succRate 1.00_ nbSucc 1_ nbHardens 1 (fixed 804)_ lk,prunedLB 2.00_ dev 0.00_ succRate 1.00_ nbSucc 1_ nbHardens 1 (fixed 807)_ lk,prunedLB 2.00_ dev 0.00_ succRate 1.00_ nbSucc 1_ nbHardens 1 (fixed 810)_ lk,prunedLB 2.00_ dev 0.00_ succRate 1.00_ nbSucc 1_ nbHardens 1 (fixed 811)_ lk,prunedLB 2.00_ dev 0.00_ succRate 1.00_ nbSucc 1_ nbHardens 1 (fixed 816)_ lk,prunedLB 2.00_ dev 0.00_ succRate 1.00_ nbSucc 1_ nbHardens 1 (fixed 830)_ lk,prunedLB 2.00_ dev 0.00_ succRate 1.00_ nbSucc 1_ nbHardens 1 (fixed 832)_ lk,prunedLB 2.00_ dev 0.00_ succRate 1.00_ nbSucc 1_ nbHardens 1 (fixed 834)_ lk,prunedLB 2.00_ dev 0.00_ succRate 1.00_ nbSucc 1_ nbHardens 1 (fixed 840)_ lk,prunedLB 2.00_ dev 0.00_ succRate 1.00_ nbSucc 1_ nbHardens 1 (fixed 845)_ lk,prunedLB 2.00_ dev 0.00_ succRate 1.00_ nbSucc 1_ nbHardens 1 (fixed 847)_ lk,prunedLB 2.00_ dev 0.00_ succRate 1.00_ nbSucc 1_ nbHardens 1 (fixed 872)_ lk,prunedLB 2.00_ dev 0.00_ succRate 1.00_ nbSucc 1_ nbHardens 1 (fixed 931)_ lk,prunedLB 2.00_ dev 0.00_ succRate 1.00_ nbSucc 1_ nbHardens 1 (fixed 941)_ lk,prunedLB 2.00_ dev 0.00_ succRate 1.00_ nbSucc 1_ nbHardens 1 (fixed 999)_ lk,prunedLB 200.05_ dev 0.29_ succRate 0.95_ nbSucc 74_ nbHardens 1 (fixed 834)_ lk,prunedLB 200.67_ dev 0.94_ succRate 0.60_ nbSucc 3_ nbHardens 1 (fixed 792)_ lk,prunedLB 201.22_ dev 1.23_ succRate 0.17_ nbSucc 9_ nbHardens 3 (fixed 1076)_ lk,prunedLB 201.37_ dev 0.94_ succRate 0.99_ nbSucc 633_ nbHardens 1 (fixed 847)_ lk,prunedLB 202.00_ dev 0.00_ succRate 1.00_ nbSucc 1_ nbHardens 1 (fixed 999)_ lk,prunedLB 27.00_ dev 0.00_ succRate 1.00_ nbSucc 1_ nbHardens 1 (fixed 736)_ lk,prunedLB 27.00_ dev 0.00_ succRate 1.00_ nbSucc 1_ nbHardens 1 (fixed 780)_ lk,prunedLB 27.00_ dev 0.00_ succRate 1.00_ nbSucc 1_ nbHardens 1 (fixed 785)_ lk,prunedLB 27.00_ dev 0.00_ succRate 1.00_ nbSucc 1_ nbHardens 1 (fixed 786)_ lk,prunedLB 27.00_ dev 0.00_ succRate 1.00_ nbSucc 1_ nbHardens 1 (fixed 788)_ lk,prunedLB 27.00_ dev 0.00_ succRate 1.00_ nbSucc 1_ nbHardens 1 (fixed 792)_ lk,prunedLB 27.00_ dev 0.00_ succRate 1.00_ nbSucc 1_ nbHardens 1 (fixed 799)_ lk,prunedLB 27.00_ dev 0.00_ succRate 1.00_ nbSucc 1_ nbHardens 1 (fixed 804)_ lk,prunedLB 27.00_ dev 0.00_ succRate 1.00_ nbSucc 1_ nbHardens 1 (fixed 807)_ lk,prunedLB 27.00_ dev 0.00_ succRate 1.00_ nbSucc 1_ nbHardens 1 (fixed 810)_ lk,prunedLB 27.00_ dev 0.00_ succRate 1.00_ nbSucc 1_ nbHardens 1 (fixed 811)_ lk,prunedLB 27.00_ dev 0.00_ succRate 1.00_ nbSucc 1_ nbHardens 1 (fixed 816)_ lk,prunedLB 27.00_ dev 0.00_ succRate 1.00_ nbSucc 1_ nbHardens 1 (fixed 830)_ lk,prunedLB 27.00_ dev 0.00_ succRate 1.00_ nbSucc 1_ nbHardens 1 (fixed 832)_ lk,prunedLB 27.00_ dev 0.00_ succRate 1.00_ nbSucc 1_ nbHardens 1 (fixed 834)_ lk,prunedLB 27.00_ dev 0.00_ succRate 1.00_ nbSucc 1_ nbHardens 1 (fixed 840)_ lk,prunedLB 27.00_ dev 0.00_ succRate 1.00_ nbSucc 1_ nbHardens 1 (fixed 845)_ lk,prunedLB 27.00_ dev 0.00_ succRate 1.00_ nbSucc 1_ nbHardens 1 (fixed 847)_ lk,prunedLB 27.00_ dev 0.00_ succRate 1.00_ nbSucc 1_ nbHardens 1 (fixed 872)_ lk,prunedLB 27.00_ dev 0.00_ succRate 1.00_ nbSucc 1_ nbHardens 1 (fixed 931)_ lk,prunedLB 27.00_ dev 0.00_ succRate 1.00_ nbSucc 1_ nbHardens 1 (fixed 941)_ lk,prunedLB 27.00_ dev 0.00_ succRate 1.00_ nbSucc 1_ nbHardens 1 (fixed 999)_ lk,prunedLB 285.84_ dev 6.51_ succRate 0.90_ nbSucc 283_ nbHardens 1 (fixed 999)_ lk,prunedLB 302.51_ dev -nan_ succRate 0.50_ nbSucc 2804_ nbHardens 228 (fixed 19329)_ lk,prunedLB 4.00_ dev 0.00_ succRate 1.00_ nbSucc 1_ nbHardens 1 (fixed 736)_ lk,prunedLB 4.00_ dev 0.00_ succRate 1.00_ nbSucc 1_ nbHardens 1 (fixed 780)_ lk,prunedLB 4.00_ dev 0.00_ succRate 1.00_ nbSucc 1_ nbHardens 1 (fixed 785)_ lk,prunedLB 4.00_ dev 0.00_ succRate 1.00_ nbSucc 1_ nbHardens 1 (fixed 786)_ lk,prunedLB 4.00_ dev 0.00_ succRate 1.00_ nbSucc 1_ nbHardens 1 (fixed 788)_ lk,prunedLB 4.00_ dev 0.00_ succRate 1.00_ nbSucc 1_ nbHardens 1 (fixed 792)_ lk,prunedLB 4.00_ dev 0.00_ succRate 1.00_ nbSucc 1_ nbHardens 1 (fixed 799)_ lk,prunedLB 4.00_ dev 0.00_ succRate 1.00_ nbSucc 1_ nbHardens 1 (fixed 804)_ lk,prunedLB 4.00_ dev 0.00_ succRate 1.00_ nbSucc 1_ nbHardens 1 (fixed 807)_ lk,prunedLB 4.00_ dev 0.00_ succRate 1.00_ nbSucc 1_ nbHardens 1 (fixed 810)_ lk,prunedLB 4.00_ dev 0.00_ succRate 1.00_ nbSucc 1_ nbHardens 1 (fixed 811)_ lk,prunedLB 4.00_ dev 0.00_ succRate 1.00_ nbSucc 1_ nbHardens 1 (fixed 816)_ lk,prunedLB 4.00_ dev 0.00_ succRate 1.00_ nbSucc 1_ nbHardens 1 (fixed 830)_ lk,prunedLB 4.00_ dev 0.00_ succRate 1.00_ nbSucc 1_ nbHardens 1 (fixed 832)_ lk,prunedLB 4.00_ dev 0.00_ succRate 1.00_ nbSucc 1_ nbHardens 1 (fixed 834)_ lk,prunedLB 4.00_ dev 0.00_ succRate 1.00_ nbSucc 1_ nbHardens 1 (fixed 840)_ lk,prunedLB 4.00_ dev 0.00_ succRate 1.00_ nbSucc 1_ nbHardens 1 (fixed 845)_ lk,prunedLB 4.00_ dev 0.00_ succRate 1.00_ nbSucc 1_ nbHardens 1 (fixed 847)_ lk,prunedLB 4.00_ dev 0.00_ succRate 1.00_ nbSucc 1_ nbHardens 1 (fixed 872)_ lk,prunedLB 4.00_ dev 0.00_ succRate 1.00_ nbSucc 1_ nbHardens 1 (fixed 931)_ lk,prunedLB 4.00_ dev 0.00_ succRate 1.00_ nbSucc 1_ nbHardens 1 (fixed 941)_ lk,prunedLB 4.00_ dev 0.00_ succRate 1.00_ nbSucc 1_ nbHardens 1 (fixed 999)_ lk,prunedLB 40.00_ dev 0.00_ succRate 1.00_ nbSucc 1_ nbHardens 1 (fixed 736)_ lk,prunedLB 40.00_ dev 0.00_ succRate 1.00_ nbSucc 1_ nbHardens 1 (fixed 780)_ lk,prunedLB 40.00_ dev 0.00_ succRate 1.00_ nbSucc 1_ nbHardens 1 (fixed 785)_ lk,prunedLB 40.00_ dev 0.00_ succRate 1.00_ nbSucc 1_ nbHardens 1 (fixed 786)_ lk,prunedLB 40.00_ dev 0.00_ succRate 1.00_ nbSucc 1_ nbHardens 1 (fixed 788)_ lk,prunedLB 40.00_ dev 0.00_ succRate 1.00_ nbSucc 1_ nbHardens 1 (fixed 792)_ lk,prunedLB 40.00_ dev 0.00_ succRate 1.00_ nbSucc 1_ nbHardens 1 (fixed 799)_ lk,prunedLB 40.00_ dev 0.00_ succRate 1.00_ nbSucc 1_ nbHardens 1 (fixed 804)_ lk,prunedLB 40.00_ dev 0.00_ succRate 1.00_ nbSucc 1_ nbHardens 1 (fixed 807)_ lk,prunedLB 40.00_ dev 0.00_ succRate 1.00_ nbSucc 1_ nbHardens 1 (fixed 810)_ lk,prunedLB 40.00_ dev 0.00_ succRate 1.00_ nbSucc 1_ nbHardens 1 (fixed 811)_ lk,prunedLB 40.00_ dev 0.00_ succRate 1.00_ nbSucc 1_ nbHardens 1 (fixed 816)_ lk,prunedLB 40.00_ dev 0.00_ succRate 1.00_ nbSucc 1_ nbHardens 1 (fixed 830)_ lk,prunedLB 40.00_ dev 0.00_ succRate 1.00_ nbSucc 1_ nbHardens 1 (fixed 832)_ lk,prunedLB 40.00_ dev 0.00_ succRate 1.00_ nbSucc 1_ nbHardens 1 (fixed 834)_ lk,prunedLB 40.00_ dev 0.00_ succRate 1.00_ nbSucc 1_ nbHardens 1 (fixed 840)_ lk,prunedLB 40.00_ dev 0.00_ succRate 1.00_ nbSucc 1_ nbHardens 1 (fixed 845)_ lk,prunedLB 40.00_ dev 0.00_ succRate 1.00_ nbSucc 1_ nbHardens 1 (fixed 847)_ lk,prunedLB 40.00_ dev 0.00_ succRate 1.00_ nbSucc 1_ nbHardens 1 (fixed 872)_ lk,prunedLB 40.00_ dev 0.00_ succRate 1.00_ nbSucc 1_ nbHardens 1 (fixed 931)_ lk,prunedLB 40.00_ dev 0.00_ succRate 1.00_ nbSucc 1_ nbHardens 1 (fixed 941)_ lk,prunedLB 40.00_ dev 0.00_ succRate 1.00_ nbSucc 1_ nbHardens 1 (fixed 999)_ lk,prunedLB 58.97_ dev 42.91_ succRate 0.80_ nbSucc 318_ nbHardens 2 (fixed 975)_ lk,prunedLB 60.00_ dev 0.00_ succRate 1.00_ nbSucc 1_ nbHardens 1 (fixed 736)_ lk,prunedLB 60.00_ dev 0.00_ succRate 1.00_ nbSucc 1_ nbHardens 1 (fixed 780)_ lk,prunedLB 60.00_ dev 0.00_ succRate 1.00_ nbSucc 1_ nbHardens 1 (fixed 785)_ lk,prunedLB 60.00_ dev 0.00_ succRate 1.00_ nbSucc 1_ nbHardens 1 (fixed 786)_ lk,prunedLB 60.00_ dev 0.00_ succRate 1.00_ nbSucc 1_ nbHardens 1 (fixed 788)_ lk,prunedLB 60.00_ dev 0.00_ succRate 1.00_ nbSucc 1_ nbHardens 1 (fixed 792)_ lk,prunedLB 60.00_ dev 0.00_ succRate 1.00_ nbSucc 1_ nbHardens 1 (fixed 799)_ lk,prunedLB 60.00_ dev 0.00_ succRate 1.00_ nbSucc 1_ nbHardens 1 (fixed 804)_ lk,prunedLB 60.00_ dev 0.00_ succRate 1.00_ nbSucc 1_ nbHardens 1 (fixed 807)_ lk,prunedLB 60.00_ dev 0.00_ succRate 1.00_ nbSucc 1_ nbHardens 1 (fixed 810)_ lk,prunedLB 60.00_ dev 0.00_ succRate 1.00_ nbSucc 1_ nbHardens 1 (fixed 811)_ lk,prunedLB 60.00_ dev 0.00_ succRate 1.00_ nbSucc 1_ nbHardens 1 (fixed 816)_ lk,prunedLB 60.00_ dev 0.00_ succRate 1.00_ nbSucc 1_ nbHardens 1 (fixed 830)_ lk,prunedLB 60.00_ dev 0.00_ succRate 1.00_ nbSucc 1_ nbHardens 1 (fixed 832)_ lk,prunedLB 60.00_ dev 0.00_ succRate 1.00_ nbSucc 1_ nbHardens 1 (fixed 834)_ lk,prunedLB 60.00_ dev 0.00_ succRate 1.00_ nbSucc 1_ nbHardens 1 (fixed 840)_ lk,prunedLB 60.00_ dev 0.00_ succRate 1.00_ nbSucc 1_ nbHardens 1 (fixed 845)_ lk,prunedLB 60.00_ dev 0.00_ succRate 1.00_ nbSucc 1_ nbHardens 1 (fixed 847)_ lk,prunedLB 60.00_ dev 0.00_ succRate 1.00_ nbSucc 1_ nbHardens 1 (fixed 872)_ lk,prunedLB 60.00_ dev 0.00_ succRate 1.00_ nbSucc 1_ nbHardens 1 (fixed 931)_ lk,prunedLB 60.00_ dev 0.00_ succRate 1.00_ nbSucc 1_ nbHardens 1 (fixed 941)_ lk,prunedLB 60.00_ dev 0.00_ succRate 1.00_ nbSucc 1_ nbHardens 1 (fixed 999)_ lk,prunedLB 8.00_ dev 0.00_ succRate 1.00_ nbSucc 1_ nbHardens 1 (fixed 736)_ lk,prunedLB 8.00_ dev 0.00_ succRate 1.00_ nbSucc 1_ nbHardens 1 (fixed 780)_ lk,prunedLB 8.00_ dev 0.00_ succRate 1.00_ nbSucc 1_ nbHardens 1 (fixed 785)_ lk,prunedLB 8.00_ dev 0.00_ succRate 1.00_ nbSucc 1_ nbHardens 1 (fixed 786)_ lk,prunedLB 8.00_ dev 0.00_ succRate 1.00_ nbSucc 1_ nbHardens 1 (fixed 788)_ lk,prunedLB 8.00_ dev 0.00_ succRate 1.00_ nbSucc 1_ nbHardens 1 (fixed 792)_ lk,prunedLB 8.00_ dev 0.00_ succRate 1.00_ nbSucc 1_ nbHardens 1 (fixed 799)_ lk,prunedLB 8.00_ dev 0.00_ succRate 1.00_ nbSucc 1_ nbHardens 1 (fixed 804)_ lk,prunedLB 8.00_ dev 0.00_ succRate 1.00_ nbSucc 1_ nbHardens 1 (fixed 807)_ lk,prunedLB 8.00_ dev 0.00_ succRate 1.00_ nbSucc 1_ nbHardens 1 (fixed 810)_ lk,prunedLB 8.00_ dev 0.00_ succRate 1.00_ nbSucc 1_ nbHardens 1 (fixed 811)_ lk,prunedLB 8.00_ dev 0.00_ succRate 1.00_ nbSucc 1_ nbHardens 1 (fixed 816)_ lk,prunedLB 8.00_ dev 0.00_ succRate 1.00_ nbSucc 1_ nbHardens 1 (fixed 830)_ lk,prunedLB 8.00_ dev 0.00_ succRate 1.00_ nbSucc 1_ nbHardens 1 (fixed 832)_ lk,prunedLB 8.00_ dev 0.00_ succRate 1.00_ nbSucc 1_ nbHardens 1 (fixed 834)_ lk,prunedLB 8.00_ dev 0.00_ succRate 1.00_ nbSucc 1_ nbHardens 1 (fixed 840)_ lk,prunedLB 8.00_ dev 0.00_ succRate 1.00_ nbSucc 1_ nbHardens 1 (fixed 845)_ lk,prunedLB 8.00_ dev 0.00_ succRate 1.00_ nbSucc 1_ nbHardens 1 (fixed 847)_ lk,prunedLB 8.00_ dev 0.00_ succRate 1.00_ nbSucc 1_ nbHardens 1 (fixed 872)_ lk,prunedLB 8.00_ dev 0.00_ succRate 1.00_ nbSucc 1_ nbHardens 1 (fixed 931)_ lk,prunedLB 8.00_ dev 0.00_ succRate 1.00_ nbSucc 1_ nbHardens 1 (fixed 941)_ lk,prunedLB 8.00_ dev 0.00_ succRate 1.00_ nbSucc 1_ nbHardens 1 (fixed 999)_ lk,prunedLB 82.35_ dev 1.78_ succRate 0.99_ nbSucc 1303_ nbHardens 1 (fixed 931)_ lk,prunedLB 89.00_ dev 1.00_ succRate 0.67_ nbSucc 2_ nbHardens 1 (fixed 736)_ lk,prunedLB 89.76_ dev 31.01_ succRate 0.79_ nbSucc 896_ nbHardens 3 (fixed 1492)_ lk,prunedLB 90.00_ dev 0.00_ succRate 0.67_ nbSucc 2_ nbHardens 1 (fixed 799)_ lk,prunedLB 90.00_ dev 0.00_ succRate 0.67_ nbSucc 2_ nbHardens 1 (fixed 941)_ lk,prunedLB 90.00_ dev 0.00_ succRate 1.00_ nbSucc 1_ nbHardens 1 (fixed 780)_ lk,prunedLB 90.00_ dev 0.00_ succRate 1.00_ nbSucc 1_ nbHardens 1 (fixed 785)_ lk,prunedLB 90.00_ dev 0.00_ succRate 1.00_ nbSucc 1_ nbHardens 1 (fixed 786)_ lk,prunedLB 90.00_ dev 0.00_ succRate 1.00_ nbSucc 1_ nbHardens 1 (fixed 788)_ lk,prunedLB 90.00_ dev 0.00_ succRate 1.00_ nbSucc 1_ nbHardens 1 (fixed 792)_ lk,prunedLB 90.00_ dev 0.00_ succRate 1.00_ nbSucc 1_ nbHardens 1 (fixed 804)_ lk,prunedLB 90.00_ dev 0.00_ succRate 1.00_ nbSucc 1_ nbHardens 1 (fixed 807)_ lk,prunedLB 90.00_ dev 0.00_ succRate 1.00_ nbSucc 1_ nbHardens 1 (fixed 810)_ lk,prunedLB 90.00_ dev 0.00_ succRate 1.00_ nbSucc 1_ nbHardens 1 (fixed 811)_ lk,prunedLB 90.00_ dev 0.00_ succRate 1.00_ nbSucc 1_ nbHardens 1 (fixed 816)_ lk,prunedLB 90.00_ dev 0.00_ succRate 1.00_ nbSucc 1_ nbHardens 1 (fixed 830)_ lk,prunedLB 90.00_ dev 0.00_ succRate 1.00_ nbSucc 1_ nbHardens 1 (fixed 832)_ lk,prunedLB 90.00_ dev 0.00_ succRate 1.00_ nbSucc 1_ nbHardens 1 (fixed 834)_ lk,prunedLB 90.00_ dev 0.00_ succRate 1.00_ nbSucc 1_ nbHardens 1 (fixed 840)_ lk,prunedLB 90.00_ dev 0.00_ succRate 1.00_ nbSucc 1_ nbHardens 1 (fixed 845)_ lk,prunedLB 90.00_ dev 0.00_ succRate 1.00_ nbSucc 1_ nbHardens 1 (fixed 847)_ lk,prunedLB 90.00_ dev 0.00_ succRate 1.00_ nbSucc 1_ nbHardens 1 (fixed 872)_ lk,prunedLB 90.00_ dev 0.00_ succRate 1.00_ nbSucc 1_ nbHardens 1 (fixed 999)_ lk
,,,,,,,,,317722.0,317722.0,,,,,,,,,,,,,,,,,,,,,,,,,,,,,,,,,,,,,,,,,,,,,,,,,,,,,,,,,,,,,,,2360.0,17860.0,26968.0,40360.0,5492.0,59132.0,11708.0,,,,,,,,,,,,,,,,,,,,,,,,,,,,,,,,,,,,,,,,,,,,,,,,,,,,,,,,,,,,,,,,,,,,,,,,,,,,,,,,,,,,,,,,,,,,,,,,,,,,,,,,,,,,,,,,,,,,,,,,6.0,2025.0,instances/bms/1000/paper1,1000-11-MaxSAT-WMaxCDCL-openwbo/bms/1000/paper1.gz.log.gz,0.0,2.0,0,0,3700.0,unknown,0.4,0.0,0.0,,,0.0,,,,,,,0.0,0.0,,,,,,0.0,,,,,,,,,0.0,,0.0,0.0,0.0,0.0,0.0,,,2.0,NaN,,,,,,788.0,,,,,,,,,,,,,,,,,,,0.0,9.223372036854776e+18,1000.0,,,,,,0.0,,,,,,,,,,,,,,,,,,,,,,,1.0,,,,,,,,,,,,,,,,,,,,,,3.0,,,,,,,,,,,,,,,,,,2700.0,,,,,1.0,,,,,,,,,,,,,,,,,,,,,,,,,,1.0,,,,,,,,,,,,,,,,,,,,,,,,,,,1.0,,,,,,,,,,,,,,,,,,,,,,,,1.0,,,,,,,,,,,,,,,,,,,,,,1.0,,,,,,,,,,,,,,,,,,,,,,,1.0,,,,,,,,,,,,,,,,,,,,,,1.0,,,,,,,,,,,,,,,,,,,,,,,,,,1.0,,,,,,,,,,,,,,
,,,,,,,,,,,,,,,,,,,,,,,,,352141.0,352141.0,,,,,,,,,,,,,,,,,,,,,,,,,,,,,,,,,,,,,,,,,,,,,,,,,,,,,,,,,,,,,,,,,,,,,,,,,,,,,,,,,,,,,,,,,,,,,,,,,,,,,,,2486.0,18826.0,28438.0,42586.0,5786.0,62450.0,12338.0,,,,,,,,,,,,,,,,,,,,,,,,,,,,,,,,,,,,,,,,,,,,,,,,,,,,,,,,,,,,,,,,7.4,2025.0,instances/bms/1000/paper3,1000-11-MaxSAT-WMaxCDCL-openwbo/bms/1000/paper3.gz.log.gz,0.0,2.0,0,0,3700.0,unknown,0.5,0.0,0.0,0.0,,,,,,,,,0.0,0.0,,,,,,,,,,,0.0,,,,0.0,,0.0,0.0,0.0,0.0,0.0,,,0.0,NaN,,,,,,,,,830.0,,,,,,,,,,,,,,,,0.0,9.223372036854776e+18,1000.0,,,,,,,,,,,,,,0.0,,,,,,,,,,,,,,,,,,,,,,,1.0,,,,,,,,,,,,,,,,,,,,,,,1.0,,,,,,,650.0,,,,,,,,,,,,,,,1.0,,,,,,,,,,,,,,,,,,,,,,,,,,1.0,,,,,,,,,,,,,,,,,,,,,,,,,,,1.0,,,,,,,,,,,,,,,,,,,,,,,,1.0,,,,,,,,,,,,,,,,,,,,,,1.0,,,,,,,,,,,,,,,,,,,,,,,1.0,,,,,,,,,,,,,,,,,,,,,,1.0,,,,,,,,,,,,,,,,,,,,,,,,,1.0,,,,,,,
,,,,,,,,,,,,,,,,,,,,,,,,,,,,,,,,,,,366574.0,366574.0,,,,,,,,,,,,,,,,,,,,,,,,,,,,,,,,,,,,,,,,,,,,,,,,,,,,,,,,,,,,,,,,,,,,,,,,,,,,,,,,,,,,,,,,,,,,,,,,,,,,,,,,,,,,,,,,,,,,,,,,,,,,,,,,2537.0,19217.0,29033.0,43487.0,5905.0,63793.0,12593.0,,,,,,,,,,,,,,,,,,,,,,,,,,,,,12.8,2025.0,instances/bms/1000/book2,1000-11-MaxSAT-WMaxCDCL-openwbo/bms/1000/book2.gz.log.gz,0.0,2.0,0,0,3700.0,unknown,0.7,0.0,0.0,0.0,,,,,,,,,0.0,0.0,,,,,,,,,,0.0,,,,,0.0,,0.0,0.0,0.0,0.0,0.0,,,0.0,NaN,,,,,,,,,,,,,,,847.0,,,,,,,,,,0.0,9.223372036854776e+18,1000.0,,,,,,,,,,,,,,,,,,,0.0,,,,,,,,,,,,,,,,,,,,,,,1.0,,,,,,,,,,,,,,,,,,,,,1.0,,,,,,,,,,,,,,,,,,,,,,,,1.0,,,,,,,,,,,,,,,,,,,,,,,,,,1.0,,,,,,,,638.0,,,,,,,,,,,,,,,,,,,1.0,,,,,,,,,,,,,,,,,,,,,,,,1.0,,,,,,,,,,,,,,,,,,,,,,1.0,,,,,,,,,,,,,,,,,,,,,,,1.0,,,,,,,,,,,,,,,,,,,,,,1.0,,,,,,,,,,,,,,,,,,,,,,,,,1.0,,
,,,,,,,316127.0,316127.0,,,,,,,,,,,,,,,,,,,,,,,,,,,,,,,,,,,,,,,,,,,,,,,,,,,,,,,,,,2354.0,17814.0,26898.0,40254.0,5478.0,58974.0,11678.0,,,,,,,,,,,,,,,,,,,,,,,,,,,,,,,,,,,,,,,,,,,,,,,,,,,,,,,,,,,,,,,,,,,,,,,,,,,,,,,,,,,,,,,,,,,,,,,,,,,,,,,,,,,,,,,,,,,,,,,,,,,,,,,5.1,2025.0,instances/bms/1000/paper5,1000-11-MaxSAT-WMaxCDCL-openwbo/bms/1000/paper5.gz.log.gz,0.0,2.0,0,0,3700.0,unknown,0.4,0.0,0.0,,,,,,,,,0.0,0.0,0.0,,,,,,,,,,,,,,,0.0,,0.0,0.0,0.0,0.0,0.0,,,1.0,NaN,,,,,,,,,,,,,,786.0,,,,,,,,,,,0.0,9.223372036854776e+18,1000.0,,,,,0.0,,,,,,,,,,,,,,,,,,,,,,,1.0,,,,,,,,,,,,,,,,,,,,,668.0,,,,,,,,,,,,,,,,,,,,,,,,1.0,,,,,,,,,,,,,,,,,,,,,,,,,,1.0,,,,,,,,,,,,,,,,,,,,,,,,,,,1.0,,,,,,,,,,,,,,,,,,,,,,,,1.0,,,,,,,,,,,,,,,,,,,,,,1.0,,,,,,,,,,,,,,,,,,,,,,,1.0,,,,,,,,,,,,,,,,,,,,,,1.0,,,,,,,,,,,,,,,,,,,,,,,,,,1.0,,,,,,,,,,,,,,,
,,,,,,,,,,,,,,,,,,,,,336352.0,336352.0,,,,,,,,,,,,,,,,,,,,,,,,,,,,,,,,,,,,,,,,,,,,,,,,,,,,,,,,,,,,,,,,,,,,,,,,,,,,,,,,,,,,,,,,,,,,,2429.0,18389.0,27773.0,41579.0,5653.0,60949.0,12053.0,,,,,,,,,,,,,,,,,,,,,,,,,,,,,,,,,,,,,,,,,,,,,,,,,,,,,,,,,,,,,,,,,,,,,,,,,,,,,,7.2,2025.0,instances/bms/1000/progp,1000-11-MaxSAT-WMaxCDCL-openwbo/bms/1000/progp.gz.log.gz,0.0,2.0,0,0,3700.0,unknown,0.5,0.0,0.0,,,0.0,,,,,,,0.0,0.0,,,,,,,0.0,,,,,,,,0.0,,0.0,0.0,0.0,0.0,0.0,,,2.0,NaN,,,,,,,,,,,,,811.0,,,,,,,,,,,,0.0,9.223372036854776e+18,1000.0,,,,,,,,,,,,0.0,,,,,,,,,,,,,,,,,,,,,,,1.0,,,,,,,,,,,,,,,,,3.0,,,,,,,,,,,,,,,,,,,,,,,,,,,,1.0,,,,,,,,,,,,,,,,,,,,,,,,,,1.0,,,,,,,,,,,,,,,,,,,,,,,,,,,1.0,,,,,,,,,,,,,5586.0,,,,,,,,,,,1.0,,,,,,,,,,,,,,,,,,,,,,1.0,,,,,,,,,,,,,,,,,,,,,,,1.0,,,,,,,,,,,,,,,,,,,,,,1.0,,,,,,,,,,,,,,,,,,,,,,,,,1.0,,,,,,,,,
,,,,,,,,,,,,,,,,,,,,,,,,,,,,,,,,,,,,,388324.0,388324.0,,,,,,,,,,,,,,,,,,,,,,,,,,,,,,,,,,,,,,,,,,,,,,,,,,,,,,,,,,,,,,,,,,,,,,,,,,,,,,,,,,,,,,,,,,,,,,,,,,,,,,,,,,,,,,,,,,,,,,,,,,,,,,,,,,,,,2612.0,19792.0,29908.0,44812.0,6080.0,65768.0,12968.0,,,,,,,,,,,,,,,,,,,,,,17.5,2025.0,instances/bms/1000/plrabn12.txt,1000-11-MaxSAT-WMaxCDCL-openwbo/bms/1000/plrabn12.txt.gz.log.gz,0.0,2.0,0,0,3700.0,unknown,1.0,0.0,0.0,0.0,,,,,,,,,0.0,0.0,,,,,,,,,0.0,,,,,,0.0,,0.0,0.0,0.0,0.0,0.0,,,4.0,NaN,,,,,,,,,,,,,,,,,,,,,,872.0,,,0.0,9.223372036854776e+18,1000.0,,,,,,,,,,,,,,,,,,,,0.0,,,,,,,,,,,,,,,,,,,,,,,1.0,,,,,,,,,,,,,,,,,,,,,1.0,,,,,,,,,,,,,,,,,,,,,,,,1.0,,,,,,,547.0,,,,,,,,,,,,,,,,,,,1.0,,,,,,,,,,,,,,,,,,,,,,,,,,,1.0,,,,,,,,,,,,,,,,,,,,,,,,1.0,,,,,,,,,,,,,,,,,,,,,,1.0,,,,,,,,,,,,,,,,,,,,,,,1.0,,,,,,,,,,,,,,,,,,,,,,1.0,,,,,,,,,,,,,,,,,,,,,,,,,1.0,
,,,,,,,,,,,,,,,,,,,,,,,,,,,,,,,,,,,,,,,,,,,,,,,,,,,,,,,,,,,,,,,,,,,,,,,,,,,,,,,,,,,,,,,,,,,,,,,,,,,,,,,,,,,,,,,,,,,,,,,,,,,,,,,,,,,,,,,,,,,,,,,,,,,,,,,,,,,,,,,,,,,,,,,,,,,,,,,,,,,,,,,,,,,,,,,,,,,,,,,8.0,2025.0,instances/bms/1000/alphabet.txt,1000-11-MaxSAT-WMaxCDCL-openwbo/bms/1000/alphabet.txt.gz.log.gz,,,1,27,8.1,opt,0.7,,,,,,,,,,,,,,,,,,,,,,,,,,,,,,,,,,,,,0.0,NaN,,,,,,,,,,,,,,,,,,,,,,,,,,,,,,,,,,,,,,,,,,,,,,,,,,,,,,,,,,,,,,,,,,,,,,,,,,,,,,,,,,,,,,,,,,,,,,,,,,,,,,,,,,,,,,,,,,,,,,,,,,,,,,,,,,,,,,,,,,,,,,,,,,,,,,,,,,,,,,,,,,,,,,,,,,,,,,,,,,,,,,,,,,,,,,,,,,,,,,,,,,,,,,,,,,,,,,,,,,,,,,,,,,,,,,,,,,,,,,,,,,,,,,,,,,,,,,,,,,,,,,,,,,,,,,,,,,,,,,,,,,,,,
,,,,,,,,,,,,,,,,,,,,,,,,,,,,,,,,,,,,,,,,,,,508466.0,508466.0,,,,,,,,,,,,,,,,,,,,,,,,,,,,,,,,,,,,,,,,,,,,,,,,,,,,,,,,,,,,,,,,,,,,,,,,,,,,,,,,,,,,,,,,,,,,,,,,,,,,,,,,,,,,,,,,,,,,,,,,,,,,,,,,,,,,,,,,,,,,,,,,,,,,2993.0,22713.0,34353.0,51543.0,6969.0,75801.0,14873.0,15.6,2025.0,instances/bms/1000/pi.txt,1000-11-MaxSAT-WMaxCDCL-openwbo/bms/1000/pi.txt.gz.log.gz,0.0,1.0,0,0,3700.0,unknown,0.9,0.0,0.0,0.0,,,,,,,,,0.0,0.0,0.0,,,,,,,,,,,,,,0.0,0.0,0.0,0.0,0.0,0.0,0.0,,,2.0,NaN,,,999.0,,,,,,,,,,,,,,,,,,,,,,0.0,9.223372036854776e+18,1000.0,,,,,,,,,,,,,,,,,,,,,,,0.0,,,,,,,,,,,,,,,,,,,,,,,1.0,,,,,,,,,,,,,,,,,,,1.0,,,,,,,,,,,,,,,,,,,,,,,,,,1.0,,,,,,,,,,,,,,,,,,,,,,,,,,1.0,,,,,1.0,,,,,,,,,,,,,,,,,,,,,,1.0,314.0,,,,,,,,,,,,,,,,,,,,,,,1.0,,,,,,,,,,,,,,,,,,,,,,1.0,,,,,,,,,,,,,,,,,,,,,,,1.0,,,,,,,,,,,,,,,,,,,,,,1.0,,,,,,,,,,,,,,,,,,,,,,,1.0
,,,,,,,,,,,,,,,,,333074.0,333074.0,,,,,,,,,,,,,,,,,,,,,,,,,,,,,,,,,,,,,,,,,,,,,,,,,,,,,,,,,,,,,,,,,,,,,,,,,,,,,,,,,,,2417.0,18297.0,27633.0,41367.0,5625.0,60633.0,11993.0,,,,,,,,,,,,,,,,,,,,,,,,,,,,,,,,,,,,,,,,,,,,,,,,,,,,,,,,,,,,,,,,,,,,,,,,,,,,,,,,,,,,,,,,,,,,3.4,2025.0,instances/bms/1000/cp.html,1000-11-MaxSAT-WMaxCDCL-openwbo/bms/1000/cp.html.gz.log.gz,0.0,2.0,1,998,3700.0,unknown,0.2,0.0,0.0,,,,,,0.0,,,,0.0,0.0,,,,,,,,,,,,,,,0.0,,0.0,0.0,0.0,0.0,0.0,,,2.0,NaN,,,,,,,,,,807.0,,,,,,,,,,,,,,,0.0,998.0,1000.0,805.0,,,,,,,,,0.0,,,,,,,,,,,,,,,,,,,,,,,1.0,,,,,,,,,,,,,,,299.0,,,,,,,,,,,,,,,,,,,,,,,,,,,,,,1.0,,,,,,,,,,,,,,,,,,,,,,,,,,1.0,,,,,,,,,,,,,,,,,,,,,,,,,,,1.0,,,,,,,,,,,,,,,,,,,,,,,,1.0,,,,,,,,,,,,,,,,,,,,,,1.0,,,,,,,,,,,,,,,,,,,,,,,1.0,,,,,,,,,,,,,,,,,,,,,,1.0,,,,,,,,,,,,,,,,,,,,,,,,,1.0,,,,,,,,,,,
,,,,,,,,,,,,,,,,,,,,,,,,,,,,,,,,,,,,,,,,,,,,,,,,,,,,,,,,,,,,,,,,,,,,,,,,,,,,,,,,,,,,,,,,,,,,,,,,,,,,,,,,,,,,,,,,,,,,,,,,,,,,,,,,,,,,,,,,,,,,,,,,,,,,,,,,,,,,,,,,,,,,,,,,,,,,,,,,,,,,,,,,,,,,,,,,,,,,,,,221.5,2025.0,instances/bms/1000/random.txt,1000-11-MaxSAT-WMaxCDCL-openwbo/bms/1000/random.txt.gz.log.gz,,,2,892,222.4,opt,0.9,,,,,,,,,,,,,,,,,,,,,,,,,,,,,,,,,,,,,2.0,NaN,,,,,,,,,,,,,,,,,,,,,,,,,,,,,,,,,,,,,,,,,,,,,,,,,,,,,,,,,,,,,,,,,,,,,,,,,,,,,,,,,,,,,,,,,,,,,,,,,,,,,,,,,,,,,,,,,,,,,,,,,,,,,,,,,,,,,,,,,,,,,,,,,,,,,,,,,,,,,,,,,,,,,,,,,,,,,,,,,,,,,,,,,,,,,,,,,,,,,,,,,,,,,,,,,,,,,,,,,,,,,,,,,,,,,,,,,,,,,,,,,,,,,,,,,,,,,,,,,,,,,,,,,,,,,,,,,,,,,,,,,,,,,
,,,,,,,,,,,,,,,,,,,,,,,,,,,353824.0,353824.0,,,,,,,,,,,,,,,,,,,,,,,,,,,,,,,,,,,,,,,,,,,,,,,,,,,,,,,,,,,,,,,,,,,,,,,,,,,,,,,,,,,,,,,,,,,,,,,,,,,,,,,,,,,,2492.0,18872.0,28508.0,42692.0,5800.0,62608.0,12368.0,,,,,,,,,,,,,,,,,,,,,,,,,,,,,,,,,,,,,,,,,,,,,,,,,,,,,,,,,10.0,2025.0,instances/bms/1000/world192.txt,1000-11-MaxSAT-WMaxCDCL-openwbo/bms/1000/world192.txt.gz.log.gz,0.0,2.0,0,0,3700.0,unknown,0.6,0.0,0.0,,,0.0,,,,,,,0.0,0.0,,,,,,,,0.0,,,,,,,0.0,,0.0,0.0,0.0,0.0,0.0,,,3.0,NaN,,,,,,,,,,,,,,,,832.0,,,,,,,,,0.0,9.223372036854776e+18,1000.0,,,,,,,,,,,,,,,0.0,,,,,,,,,,,,,,,,,,,,,,,1.0,,,,,,,,,,,,,,,3.0,,,,,,,,,,,,,,,2857.0,,,,,,,,,,,,,,,1.0,,,,,,,,,,,,,,,,,,,,,,,,,,1.0,,,,,,,,,,,,,,,,,,,,,,,,,,,1.0,,,,,,,,,,,,,,,,,,,,,,,,1.0,,,,,,,,,,,,,,,,,,,,,,1.0,,,,,,,,,,,,,,,,,,,,,,,1.0,,,,,,,,,,,,,,,,,,,,,,1.0,,,,,,,,,,,,,,,,,,,,,,,,,1.0,,,,,,
,,,,,,,,,,,,,,,330626.0,330626.0,,,,,,,,,,,,,,,,,,,,,,,,,,,,,,,,,,,,,,,,,,,,,,,,,,,,,,,,,,,,,,,,,,,,,,,,,,,,,,2408.0,18228.0,27528.0,41208.0,5604.0,60396.0,11948.0,,,,,,,,,,,,,,,,,,,,,,,,,,,,,,,,,,,,,,,,,,,,,,,,,,,,,,,,,,,,,,,,,,,,,,,,,,,,,,,,,,,,,,,,,,,,,,,,,,,7.4,2025.0,instances/bms/1000/paper2,1000-11-MaxSAT-WMaxCDCL-openwbo/bms/1000/paper2.gz.log.gz,0.0,2.0,0,0,3700.0,unknown,0.4,0.0,0.0,0.0,,,,,,,,,0.0,0.0,,,,,,,,,,,,0.0,,,0.0,,0.0,0.0,0.0,0.0,0.0,,,1.0,NaN,,,,,,,,,,,804.0,,,,,,,,,,,,,,0.0,9.223372036854776e+18,1000.0,,,,,,,,,0.0,,,,,,,,,,,,,,,,,,,,,,,1.0,,,,,,,,,,,,,,,,,,,,,,,,,,,1.0,,,,,,,,,,,,,,,,,,1.0,,,,,,,,,,,,,,,,876.0,,,,,,,,,,1.0,,,,,,,,,,,,,,,,,,,,,,,,,,,1.0,,,,,,,,,,,,,,,,,,,,,,,,1.0,,,,,,,,,,,,,,,,,,,,,,1.0,,,,,,,,,,,,,,,,,,,,,,,1.0,,,,,,,,,,,,,,,,,,,,,,1.0,,,,,,,,,,,,,,,,,,,,,,,,,1.0,,,,,,,,,,,,
,,,,,,,,,,,,,,,,,,,,,,,340472.0,340472.0,,,,,,,,,,,,,,,,,,,,,,,,,,,,,,,,,,,,,,,,,,,,,,,,,,,,,,,,,,,,,,,,,,,,,,,,,,,,,,,,,,,,,,,,,,,,,,,,,,2444.0,18504.0,27948.0,41844.0,5688.0,61344.0,12128.0,,,,,,,,,,,,,,,,,,,,,,,,,,,,,,,,,,,,,,,,,,,,,,,,,,,,,,,,,,,,,,,,,,,,,,,5.6,2025.0,instances/bms/1000/xargs.1,1000-11-MaxSAT-WMaxCDCL-openwbo/bms/1000/xargs.1.gz.log.gz,0.0,2.0,0,0,3700.0,unknown,0.3,0.0,0.0,,,,,,,0.0,,,0.0,0.0,,,,,,,,,,,,,,,0.0,,0.0,0.0,0.0,0.0,0.0,,,3.0,NaN,,,,,,,,816.0,,,,,,,,,,,,,,,,,0.0,9.223372036854776e+18,1000.0,,,,,,,,,,,,,0.0,,,,,,,,,,,,,,,,,,,,,,,1.0,,,,,,,,,,,,,,,,,,,,,,,,,,,,,,,,,,,,,,,,,,,,,1.0,,,,,,,,,,,,,,,,,,,,,,,,,,1.0,,,,,,,,,,,,,,,,,,,,,,,,,,,1.0,,,,,,,,,,,,,,,,,,,,,,,,1.0,,,,,,,,,,,,,,,,,,,,,,1.0,,,,,,,,,,,400.0,,,,,,,,,,,,1.0,,,,,,,,,,,,,,,,,,,,,,1.0,,,,,,,,,,,,,,,,,,,,,,,,,1.0,,,,,,,,
,,,311366.0,311366.0,,,,,,,,,,,,,,,,,,,,,,,,,,,,,,,,,,,,,,,,,,,,,,,,2336.0,17676.0,26688.0,39936.0,5436.0,58500.0,11588.0,,,,,,,,,,,,,,,,,,,,,,,,,,,,,,,,,,,,,,,,,,,,,,,,,,,,,,,,,,,,,,,,,,,,,,,,,,,,,,,,,,,,,,,,,,,,,,,,,,,,,,,,,,,,,,,,,,,,,,,,,,,,,,,,,,,,,,,,,,,,,11.6,2025.0,instances/bms/1000/trans,1000-11-MaxSAT-WMaxCDCL-openwbo/bms/1000/trans.gz.log.gz,0.0,2.0,0,0,3700.0,unknown,0.7,0.0,0.0,0.0,,,,,,,,,0.0,0.0,,,,,,,,,,,,,,0.0,0.0,,0.0,0.0,0.0,0.0,0.0,,,3.0,NaN,,,,,,,,,,,,,,,,,,,780.0,,,,,,0.0,9.223372036854776e+18,1000.0,,,0.0,,,,,,,,,,,,,,,,,,,,,,,1.0,,,,,,,,,,,,,,,,,,,,,,,,,,,,,,1.0,,,,,,,,,,,,,,,1.0,,,,,,,,,,,,,,,,,,,,,,,,,,1.0,,,,,,,,,,,,,,,,,,,,,,,53.0,,,,1.0,,,,,,,,,,,,,,,,,,,,,,,,1.0,,,,,,,,,,,,,,,,,,,,,,1.0,,,,,,,,,,,,,,,,,,,,,,,1.0,,,,,,,,,,,,,,,,,,,,,,1.0,,,,,,,,,,,,,,,,,,,,,,,,,,1.0,,,,,,,,,,,,,,,,,
,,,311366.0,311366.0,,,,,,,,,,,,,,,,,,,,,,,,,,,,,,,,,,,,,,,,,,,,,,,,2336.0,17676.0,26688.0,39936.0,5436.0,58500.0,11588.0,,,,,,,,,,,,,,,,,,,,,,,,,,,,,,,,,,,,,,,,,,,,,,,,,,,,,,,,,,,,,,,,,,,,,,,,,,,,,,,,,,,,,,,,,,,,,,,,,,,,,,,,,,,,,,,,,,,,,,,,,,,,,,,,,,,,,,,,,,,,,7.1,2025.0,instances/bms/1000/bib,1000-11-MaxSAT-WMaxCDCL-openwbo/bms/1000/bib.gz.log.gz,0.0,2.0,0,0,3700.1,unknown,0.5,0.0,0.0,,,0.0,,,,,,,0.0,0.0,,,,,0.0,,,,,,,,,,0.0,,0.0,0.0,0.0,0.0,0.0,,,0.0,NaN,,,,,,,,,,,,780.0,,,,,,,,,,,,,0.0,9.223372036854776e+18,1000.0,,,0.0,,,,,,,,,,,,,,,,,,,,,,,1.0,,,,,,,,,,,,,,,,,,,,,,,,,,,,,3.0,,,,,,,,,,,7094.0,,,,,1.0,,,,,,,,,,,,,,,,,,,,,,,,,,1.0,,,,,,,,,,,,,,,,,,,,,,,,,,,1.0,,,,,,,,,,,,,,,,,,,,,,,,1.0,,,,,,,,,,,,,,,,,,,,,,1.0,,,,,,,,,,,,,,,,,,,,,,,1.0,,,,,,,,,,,,,,,,,,,,,,1.0,,,,,,,,,,,,,,,,,,,,,,,,,,1.0,,,,,,,,,,,,,,,,,
,,,,,315331.0,315331.0,,,,,,,,,,,,,,,,,,,,,,,,,,,,,,,,,,,,,,,,,,,,,,,,,,,,,2351.0,17791.0,26863.0,40201.0,5471.0,58895.0,11663.0,,,,,,,,,,,,,,,,,,,,,,,,,,,,,,,,,,,,,,,,,,,,,,,,,,,,,,,,,,,,,,,,,,,,,,,,,,,,,,,,,,,,,,,,,,,,,,,,,,,,,,,,,,,,,,,,,,,,,,,,,,,,,,,,,,,,,,8.2,2025.0,instances/bms/1000/news,1000-11-MaxSAT-WMaxCDCL-openwbo/bms/1000/news.gz.log.gz,0.0,2.0,0,0,3700.0,unknown,0.5,0.0,0.0,0.0,,,,,,,,,0.0,0.0,,,,0.0,,,,,,,,,,,0.0,,0.0,0.0,0.0,0.0,0.0,,,1.0,NaN,,785.0,,,,,,,,,,,,,,,,,,,,,,,0.0,9.223372036854776e+18,1000.0,,,,0.0,,,,,,,,,,,,,,,,,,,,,,,1.0,,,,,,,,,,,,,,,,,,,,,,,,,,,,,,1.0,,,,,,,,,,,,,,,1.0,,,,,,,,,,,,,,,,,,,,,,3004.0,,,,1.0,,,,,,,,,,,,,,,,,,,,,,,,,,,1.0,,,,,,,,,,,,,,,,,,,,,,,,1.0,,,,,,,,,,,,,,,,,,,,,,1.0,,,,,,,,,,,,,,,,,,,,,,,1.0,,,,,,,,,,,,,,,,,,,,,,1.0,,,,,,,,,,,,,,,,,,,,,,,,,,1.0,,,,,,,,,,,,,,,,
,,,,,,,,,,,,,,,,,,,,,,,,,,,,,,,,,,,,,,,,,451597.0,451597.0,,,,,,,,,,,,,,,,,,,,,,,,,,,,,,,,,,,,,,,,,,,,,,,,,,,,,,,,,,,,,,,,,,,,,,,,,,,,,,,,,,,,,,,,,,,,,,,,,,,,,,,,,,,,,,,,,,,,,,,,,,,,,,,,,,,,,,,,,,,,,,,2819.0,21379.0,32323.0,48469.0,6563.0,71219.0,14003.0,,,,,,,,20.7,2025.0,instances/bms/1000/bible.txt,1000-11-MaxSAT-WMaxCDCL-openwbo/bms/1000/bible.txt.gz.log.gz,0.0,2.0,0,0,3700.0,unknown,1.1,0.0,0.0,,0.0,,,,,,,,0.0,0.0,,,,,,,,,,,,,,,0.0,,0.0,0.0,0.0,0.0,,0.0,,4.0,NaN,941.0,,,,,,,,,,,,,,,,,,,,,,,,0.0,9.223372036854776e+18,1000.0,,,,,,,,,,,,,,,,,,,,,,0.0,,,,,,,,,,,,,,,,,,,,,,,1.0,,,,,,,,,,,,,,,,,,,,,,,,,,,,,,,,,,,,,,,,,,,,,1.0,,,,,,,,,,,,,,,,,,,,,,,,,,1.0,,,,,,,,,,,,,,,,,,,,,,,,,,,1.0,,,,,,,,,,,,,,,,,,,,,,,,1.0,,,,,,,,,,,,,,,,,,,,,,1.0,,,,,,,,,,,,,,,,,,,,,,,1.0,,,,,,,,,,,,,,,,,,,,,,1.0,,,,1132.0,,3.0,,,,,,,,,,,,,,,,,,
,,,,,,,,,,,,,,,,,,,,,,,,,,,,,,,,,364861.0,364861.0,,,,,,,,,,,,,,,,,,,,,,,,,,,,,,,,,,,,,,,,,,,,,,,,,,,,,,,,,,,,,,,,,,,,,,,,,,,,,,,,,,,,,,,,,,,,,,,,,,,,,,,,,,,,,,,,,,,,,,,,,,,2531.0,19171.0,28963.0,43381.0,5891.0,63635.0,12563.0,,,,,,,,,,,,,,,,,,,,,,,,,,,,,,,,,,,,8.7,2025.0,instances/bms/1000/progc,1000-11-MaxSAT-WMaxCDCL-openwbo/bms/1000/progc.gz.log.gz,0.0,2.0,1,892,3700.0,unknown,0.6,0.0,0.0,,,0.0,,,,,,,0.0,0.0,,,,,,,,,,,,,,,0.0,,0.0,0.0,0.0,0.0,0.0,,,1.0,NaN,,,,,,,,,,,,,,,,,845.0,,,,,,,,0.0,892.0,1000.0,737.0,,,,,,,,,,,,,,,,,0.0,,,,,,,,,,,,,,,,,,,,,,,1.0,,,,,,,,,,,,,3.0,,,,,,,,,,,,,,,,,,,,,,,,,,,,,,,,1.0,,,,,,,,,,,,,,,,,,,,,,,,,,1.0,,,,,,,,,,,,,,,,,,,,,,,,,,,1.0,,,,,,,,,,,,,,,,,,,,,,,,1.0,,,,,,,,,,,,,,,,,,,,,,1.0,,,,,,,,,,,,,,,,,,,,,,,1.0,,,,,,,,,,,,,,,,,,,,,,1.0,,,,,,,,,,,,,,,,,,,,,,,,,1.0,,,
,,,,,,,,,,,,,,,,,,,,,,,,,,,,,,,,,364861.0,364861.0,,,,,,,,,,,,,,,,,,,,,,,,,,,,,,,,,,,,,,,,,,,,,,,,,,,,,,,,,,,,,,,,,,,,,,,,,,,,,,,,,,,,,,,,,,,,,,,,,,,,,,,,,,,,,,,,,,,,,,,,,,,2531.0,19171.0,28963.0,43381.0,5891.0,63635.0,12563.0,,,,,,,,,,,,,,,,,,,,,,,,,,,,,,,,,,,,30.0,2025.0,instances/bms/1000/alice29.txt,1000-11-MaxSAT-WMaxCDCL-openwbo/bms/1000/alice29.txt.gz.log.gz,0.0,2.0,0,0,3700.0,unknown,1.8,0.0,0.0,,,0.0,,,,,,,0.0,0.0,,,,,,,,,,,,,,,0.0,,0.0,0.0,0.0,0.0,0.0,,,2.0,NaN,,,,,,,,,,,,,,,,,,,,845.0,,,,,0.0,9.223372036854776e+18,1000.0,,,,,,,,,,,,,,,,,,0.0,,,,,,,,,,,,,,,,,,,,,,,1.0,,,,,,,,,,,,,3.0,,,,,,,,,,,,,,,,,,,,,,,,,,,,,,,,1.0,,,,,,,,,,,,,,,,,,,,,,,,,,1.0,,,,,,,,,,,,,,,,,,,,,,,,,,,1.0,,,,,,,,,,,,,,,,,,,,,,,,1.0,,,,,,,,,,,,,,,,,,,,,,1.0,,,,,,,,,,,,,,,,,,,,,,,1.0,,,,,,,,,,,,,,,,,,,,,,1.0,,,,,,,,,,,,,,,,,,,,,,,,,1.0,,,
277552.0,277552.0,277552.0,,,,,,,,,,,,,,,,,,,,,,,,,,,,,,,,,,,,,,,,,,,2204.0,16664.0,25148.0,37604.0,5128.0,55024.0,10928.0,,,,,,,,,,,,,,,,,,,,,,,,,,,,,,,,,,,,,,,,,,,,,,,,,,,,,,,,,,,,,,,,,,,,,,,,,,,,,,,,,,,,,,,,,,,,,,,,,,,,,,,,,,,,,,,,,,,,,,,,,,,,,,,,,,,,,,,,,,,,,,,,,,,,8.4,2025.0,instances/bms/1000/obj2,1000-11-MaxSAT-WMaxCDCL-openwbo/bms/1000/obj2.gz.log.gz,0.0,2.0,0,0,3700.0,unknown,0.5,0.0,0.0,,,,,,,,0.0,,0.0,0.0,,,,,,,,,,,,,,,0.0,,0.0,0.0,0.0,0.0,,0.0,,3.0,NaN,,,,,,,,,,,,,,,,,,,,,,,,736.0,0.0,9.223372036854776e+18,1000.0,,0.0,,,,,,,,,,,,,,,,,,,,,,546.0,1.0,,,,,,,,,,,,,,,,,,,,,,,,,,,,,,,,,,,,,,,,,,,,,1.0,,,,,,,,,,,,,,,,,,,,,,,,,,1.0,,,,,,,,,,,,,,,,,,,,,,,,,,,1.0,,,,,,,,,,,,,,,,,,,,,,,,1.0,,,,,,,,,,,,,,,,,,,,,,1.0,,,,,,,,,,,,,,,,,,,,,,,1.0,,,,,,,,,,,,,,,,,,,,,,1.0,,,,,,,,,,,,,,,,,,,,,,,3.0,,,,,,,,,,,,,,,,,,,,,
,,,,,,,,,,,,,,,,,,,,,,,,,,,,,,,360596.0,360596.0,,,,,,,,,,,,,,,,,,,,,,,,,,,,,,,,,,,,,,,,,,,,,,,,,,,,,,,,,,,,,,,,,,,,,,,,,,,,,,,,,,,,,,,,,,,,,,,,,,,,,,,,,,,,,,,,,,,,,,2516.0,19056.0,28788.0,43116.0,5856.0,63240.0,12488.0,,,,,,,,,,,,,,,,,,,,,,,,,,,,,,,,,,,,,,,,,,,4.8,2025.0,instances/bms/1000/asyoulik.txt,1000-11-MaxSAT-WMaxCDCL-openwbo/bms/1000/asyoulik.txt.gz.log.gz,0.0,2.0,0,0,3700.0,unknown,0.3,0.0,0.0,0.0,,,,,,,,,0.0,0.0,,,0.0,,,,,,,,,,,,0.0,,0.0,0.0,0.0,0.0,0.0,,,3.0,NaN,,,,840.0,,,,,,,,,,,,,,,,,,,,,0.0,9.223372036854776e+18,1000.0,,,,,,,,,,,,,,,,,0.0,,,,,,,,,,,,,,,,,,,,,,,1.0,,,,,,,,,,,,,,,,,,,,,,1.0,,,,,,,,,,,,,,,,,,,,,,,1.0,,,,,,,1763.0,,,,,,,,,,,,,,,,,,,1.0,,,,,,,,,,,,,,,,,,,,,,,,,,,1.0,,,,,,,,,,,,,,,,,,,,,,,,1.0,,,,,,,,,,,,,,,,,,,,,,1.0,,,,,,,,,,,,,,,,,,,,,,,1.0,,,,,,,,,,,,,,,,,,,,,,1.0,,,,,,,,,,,,,,,,,,,,,,,,,1.0,,,,
,,,,,,,,,,,,,,,,,,,,,,,,,,,,,355511.0,355511.0,,,,,,,,,,,,,,,,,,,,,,,,,,,,,,,,,,,,,,,,,,,,,,,,,,,,,,,,,,,,,,,,,,,,,,,,,,,,,,,,,,,,,,,,,,,,,,,,,,,,,,,,,,,,,,,,,2498.0,18918.0,28578.0,42798.0,5814.0,62766.0,12398.0,,,,,,,,,,,,,,,,,,,,,,,,,,,,,,,,,,,,,,,,,,,,,,,,,,10.1,2025.0,instances/bms/1000/paper4,1000-11-MaxSAT-WMaxCDCL-openwbo/bms/1000/paper4.gz.log.gz,0.0,2.0,0,0,3700.0,unknown,0.6,0.0,0.0,0.0,,,,,,,,,0.0,0.0,,,,,,,,,,,,,0.0,,0.0,,0.0,0.0,0.0,0.0,0.0,,,1.0,NaN,,,,,,,,,,,,,,,,,,,,,834.0,,,,0.0,9.223372036854776e+18,1000.0,,,,,,,,,,,,,,,,0.0,,,,,,,,,,,,,,,,,,,,,,,1.0,,,,,,,,,,,,,,,,,,,,,,1.0,,,,,,,,,,,,,,,,,,,,,,,1.0,,,,,,,,,,,,,,,,,,,,,,,,,,1.0,,,,,,,,78.0,,,,,,,,,,,,,,,,,,,1.0,,,,,,,,,,,,,,,,,,,,,,,,1.0,,,,,,,,,,,,,,,,,,,,,,1.0,,,,,,,,,,,,,,,,,,,,,,,1.0,,,,,,,,,,,,,,,,,,,,,,1.0,,,,,,,,,,,,,,,,,,,,,,,,,1.0,,,,,
,,,,,,,,,,,,,326566.0,326566.0,,,,,,,,,,,,,,,,,,,,,,,,,,,,,,,,,,,,,,,,,,,,,,,,,,,,,,,,,,,,,,,,,,,,,,,,,2393.0,18113.0,27353.0,40943.0,5569.0,60001.0,11873.0,,,,,,,,,,,,,,,,,,,,,,,,,,,,,,,,,,,,,,,,,,,,,,,,,,,,,,,,,,,,,,,,,,,,,,,,,,,,,,,,,,,,,,,,,,,,,,,,,,,,,,,,,,5.5,2025.0,instances/bms/1000/paper6,1000-11-MaxSAT-WMaxCDCL-openwbo/bms/1000/paper6.gz.log.gz,0.0,2.0,0,0,3700.0,unknown,0.4,0.0,0.0,,,,,0.0,,,,,0.0,0.0,,,,,,,,,,,,,,,0.0,,0.0,0.0,0.0,0.0,,0.0,,0.0,NaN,,,,,,,799.0,,,,,,,,,,,,,,,,,,0.0,9.223372036854776e+18,1000.0,,,,,,,,0.0,,,,,,,,,,,,,,,,,,,,,,,1.0,,,,,,,,,,,,,,,,240.0,,,,,,,,,,,,,,,,,,,,,,,,,,,,,1.0,,,,,,,,,,,,,,,,,,,,,,,,,,1.0,,,,,,,,,,,,,,,,,,,,,,,,,,,1.0,,,,,,,,,,,,,,,,,,,,,,,,1.0,,,,,,,,,,,,,,,,,,,,,,1.0,,,,,,,,,,,,,,,,,,,,,,,1.0,,,,,,,,,,,,,,,,,,,,,,1.0,,,,,,,,,,,,,,,,,,,3.0,,,,,,,,,,,,,,,,,,,
,,,,,,,,,,,,,,,,,,,335531.0,335531.0,,,,,,,,,,,,,,,,,,,,,,,,,,,,,,,,,,,,,,,,,,,,,,,,,,,,,,,,,,,,,,,,,,,,,,,,,,,,,,,,,,,,,,,,2426.0,18366.0,27738.0,41526.0,5646.0,60870.0,12038.0,,,,,,,,,,,,,,,,,,,,,,,,,,,,,,,,,,,,,,,,,,,,,,,,,,,,,,,,,,,,,,,,,,,,,,,,,,,,,,,,,,,,,11.3,2025.0,instances/bms/1000/fields.c,1000-11-MaxSAT-WMaxCDCL-openwbo/bms/1000/fields.c.gz.log.gz,0.0,2.0,0,0,3700.0,unknown,0.7,0.0,0.0,,,,0.0,,,,,,0.0,0.0,,,,,,,,,,,,,,,0.0,,0.0,0.0,0.0,0.0,0.0,,,2.0,NaN,,,,,,,,,,,,,,,,,,,,,,,810.0,,0.0,9.223372036854776e+18,1000.0,,,,,,,,,,,0.0,,,,,,,,,,,,,,,,,,,,,,,1.0,,,,,,,,,,,,,,,,5.0,,,,,,,,,,,,,,,,,,,,,,,,,,,,,1.0,,,,,,,,,,,,,,,,,,,,,,,,,,1.0,,,,,,,,,,,,,,,,,,,,,,,,,,,1.0,,,,,,,,,,,,,,,,,,,,,,,,1.0,,,,,,,,,,,,,,,,,,,,,,1.0,,,,,,,,,,,,,,,,,,,,,,,1.0,,,,,,,,,,,,,,,,,,,,,,1.0,,,,,,,,,,,,,,,,,,,,,,,,,1.0,,,,,,,,,,
,,,,,,,,,,,320924.0,320924.0,,,,,,,,,,,,,,,,,,,,,,,,,,,,,,,,,,,,,,,,,,,,,,,,,,,,,,,,,,,,,,,,,,,,2372.0,17952.0,27108.0,40572.0,5520.0,59448.0,11768.0,,,,,,,,,,,,,,,,,,,,,,,,,,,,,,,,,,,,,,,,,,,,,,,,,,,,,,,,,,,,,,,,,,,,,,,,,,,,,,,,,,,,,,,,,,,,,,,,,,,,,,,,,,,,,,,,,11.8,2025.0,instances/bms/1000/book1,1000-11-MaxSAT-WMaxCDCL-openwbo/bms/1000/book1.gz.log.gz,0.0,2.0,0,0,3700.0,unknown,0.8,0.0,0.0,0.0,,,,,,,,,0.0,0.0,,0.0,,,,,,,,,,,,,0.0,,0.0,0.0,0.0,0.0,0.0,,,1.0,NaN,,,,,,,,,,,,,,,,,,792.0,,,,,,,0.0,9.223372036854776e+18,1000.0,,,,,,,0.0,,,,,,,,,,,,,,,,,,,,,,,1.0,,,,,,,,,,,,,,,,,,,,,,,,,,,,1.0,,,,,,,,,,,,,,,,,1.0,,,,,,,,,,,,,,,,,,,,,,,,,,1.0,,,,,,,,,,,,,,,,,,5.0,,,,,,,,,1.0,,,,,,,,,,,,,,,,,,,,,,,,1.0,,,,,,,,,,,,,,,,,,,,,,1.0,,,,,,,,,,,,,,,,,,,,,,,1.0,,,,,,,,,,,,,,,,,,,,,,1.0,,,,,,,,,,,,,,,,,,,,,,,,,,1.0,,,,,,,,,,,,,
,,,,,,,,,,,,,,,,,,,,,,,,,,,,,,,,,,,,,,,442132.0,442132.0,,,,,,,,,,,,,,,,,,,,,,,,,,,,,,,,,,,,,,,,,,,,,,,,,,,,,,,,,,,,,,,,,,,,,,,,,,,,,,,,,,,,,,,,,,,,,,,,,,,,,,,,,,,,,,,,,,,,,,,,,,,,,,,,,,,,,,,,,,2789.0,21149.0,31973.0,47939.0,6493.0,70429.0,13853.0,,,,,,,,,,,,,,,19.8,2025.0,instances/bms/1000/grammar.lsp,1000-11-MaxSAT-WMaxCDCL-openwbo/bms/1000/grammar.lsp.gz.log.gz,0.0,2.0,0,0,3700.0,unknown,1.1,0.0,0.0,,,,,,,,,,0.0,0.0,,,,,,,,,,,,,,,0.0,,0.0,0.0,0.0,0.0,,,0.0,4.0,NaN,,,,,931.0,,,,,,,,,,,,,,,,,,,,0.0,9.223372036854776e+18,1000.0,,,,,,,,,,,,,,,,,,,,,0.0,,,,,,,,,,,,,,,,,,,,,,,1.0,,,,,,,,,,,,,,,,,,,,,,,,,,,,,,,,,,,,,,,,,,,,,1.0,,,,,,,,,,,,,,,,,,,,,,,,,,1.0,,,,,,,,,,,,,,,,,,,,,,,,,,,1.0,,,,,,,,,,,,,,,,,,,,,,,,1.0,,,,,,,,,,,,,,,,,,,,,,1.0,,,,,,,,,,,,,,,,,,,,,,,1.0,,,,,,,,,,,,,,,,,,,,,,1.0,,,1316.0,,,,,,,,,,,,,,,,,,,,,,
